ano,norte,nordeste,sudeste,sul,centrooeste
2010,0.836,0.93,1.889,2.068,1.33
2011,0.743,0.894,2.062,2.474,1.143
2012,0.941,1.322,2.532,2.711,1.448
2013,1.238,1.186,2.536,2.513,1.508
2014,1.422,1.256,2.728,3.652,1.63
2015,1.696,1.454,3.183,3.416,2.608
2016,1.72,1.902,3.27,3.747,2.079
2017,1.241,1.52,2.861,3.545,1.82
2018,1.18,1.29,2.932,3.498,2.091
2019,1.344,1.335,2.349,2.788,1.808
2020,1.346,1.332,2.812,2.997,2.601
2021,1.21,1.442,2.938,3.416,1.868
2022,0.844,1.072,2.524,3.016,1.286
2023,1.295,1.789,3.492,3.446,2.803
