x,uf,sul_sudeste,centro_oeste,norte_nordeste
0,SP,10.91,nan,nan
1,MG,8.49,nan,nan
2,ES,6.84,nan,nan
3,RS,6.83,nan,nan
4,PR,6.61,nan,nan
5,GO,nan,6.15,nan
6,RJ,5.4,nan,nan
7,PA,nan,nan,4.49
8,PE,nan,nan,4.44
9,MT,nan,4.37,nan
10,BA,nan,nan,4.29
11,SE,nan,nan,2.87
12,CE,nan,nan,2.86
13,AM,nan,nan,2.58
14,SC,2.35,nan,nan
15,DF,nan,2.18,nan
16,RN,nan,nan,2.1
17,MS,nan,2.05,nan
18,PI,nan,nan,2.04
19,TO,nan,nan,2.01
20,AC,nan,nan,1.92
21,PB,nan,nan,1.57
22,RO,nan,nan,1.52
23,AP,nan,nan,1.52
24,AL,nan,nan,1.41
25,RR,nan,nan,1.29
26,MA,nan,nan,1.27
