mes,t,geracao,breakeven,breakeven_dem
2013-03,2013.2083,132.08,136.70,103.75
2013-04,2013.2917,95.58,104.10,103.30
2013-05,2013.3750,89.08,86.87,103.10
2013-06,2013.4583,91.75,86.10,102.84
2013-07,2013.5417,101.50,90.50,102.59
2013-08,2013.6250,87.50,73.77,102.25
2013-09,2013.7083,85.33,76.01,101.70
2013-10,2013.7917,86.67,72.36,101.19
2013-11,2013.8750,111.92,89.84,100.69
2013-12,2013.9583,122.83,68.37,100.16
2014-01,2014.0417,123.00,58.31,99.70
2014-02,2014.1250,140.42,62.36,99.19
2014-03,2014.2083,137.42,71.03,98.76
2014-04,2014.2917,124.42,66.81,98.32
2014-05,2014.3750,102.50,52.55,97.82
2014-06,2014.4583,96.17,47.75,97.39
2014-07,2014.5417,70.00,37.65,96.85
2014-08,2014.6250,59.42,41.19,96.25
2014-09,2014.7083,70.42,56.63,95.43
2014-10,2014.7917,79.92,72.38,94.63
2014-11,2014.8750,62.17,64.07,93.89
2014-12,2014.9583,54.75,81.05,93.08
2015-01,2015.0417,61.25,95.48,92.31
2015-02,2015.1250,39.08,96.58,91.55
2015-03,2015.2083,30.42,96.79,90.73
2015-04,2015.2917,27.67,102.62,90.00
2015-05,2015.3750,9.00,108.12,89.17
2015-06,2015.4583,-1.67,122.39,88.32
2015-07,2015.5417,1.67,141.35,87.51
2015-08,2015.6250,-3.50,151.42,86.85
2015-09,2015.7083,-30.08,149.07,86.43
2015-10,2015.7917,-38.50,160.15,85.98
2015-11,2015.8750,-62.17,149.19,85.53
2015-12,2015.9583,-62.92,143.90,85.06
2016-01,2016.0417,-91.25,135.00,84.58
2016-02,2016.1250,-96.58,139.25,84.08
2016-03,2016.2083,-116.92,135.77,83.58
2016-04,2016.2917,-147.50,121.83,83.32
2016-05,2016.3750,-132.25,125.27,82.77
2016-06,2016.4583,-143.83,109.15,82.25
2016-07,2016.5417,-170.92,84.52,81.71
2016-08,2016.6250,-186.92,69.28,81.21
2016-09,2016.7083,-210.58,33.06,80.68
2016-10,2016.7917,-220.92,17.57,80.14
2016-11,2016.8750,-190.75,48.44,79.60
2016-12,2016.9583,-195.50,63.48,79.12
2017-01,2017.0417,-184.67,73.51,78.61
2017-02,2017.1250,-185.50,62.90,78.09
2017-03,2017.2083,-169.08,69.37,77.58
2017-04,2017.2917,-130.50,71.82,76.92
2017-05,2017.3750,-105.33,72.97,76.51
2017-06,2017.4583,-55.33,85.31,76.08
2017-07,2017.5417,5.25,107.03,75.69
2017-08,2017.6250,59.83,126.20,75.22
2017-09,2017.7083,103.08,154.12,74.70
2017-10,2017.7917,124.92,155.98,74.22
2017-11,2017.8750,137.50,149.36,73.71
2017-12,2017.9583,152.25,129.20,73.21
2018-01,2018.0417,157.17,121.88,72.76
2018-02,2018.1250,154.25,105.10,72.28
2018-03,2018.2083,150.92,97.86,71.85
2018-04,2018.2917,139.42,78.05,71.41
2018-05,2018.3750,111.33,60.46,70.92
2018-06,2018.4583,87.42,41.62,70.50
2018-07,2018.5417,91.42,51.26,69.96
2018-08,2018.6250,95.42,59.79,69.61
2018-09,2018.7083,119.25,75.40,69.40
2018-10,2018.7917,124.08,85.34,69.21
2018-11,2018.8750,113.75,76.92,69.07
2018-12,2018.9583,90.50,74.76,68.87
2019-01,2019.0417,81.17,72.55,68.65
2019-02,2019.1250,92.00,79.79,68.43
2019-03,2019.2083,126.00,93.50,68.22
2019-04,2019.2917,160.75,129.13,68.08
2019-05,2019.3750,195.17,158.67,67.92
2019-06,2019.4583,204.17,167.72,67.78
2019-07,2019.5417,186.92,144.77,67.65
2019-08,2019.6250,158.25,131.24,67.65
2019-09,2019.7083,132.00,121.78,67.67
2019-10,2019.7917,125.50,115.93,67.67
2019-11,2019.8750,131.75,94.17,67.67
2019-12,2019.9583,147.33,90.96,67.67
2020-01,2020.0417,155.50,83.76,67.73
2020-02,2020.1250,153.25,82.86,67.75
2020-03,2020.2083,26.67,-15.04,67.76
2020-04,2020.2917,-265.67,-256.37,67.92
2020-05,2020.3750,-588.92,-530.19,67.63
2020-06,2020.4583,-837.67,-718.98,67.12
2020-07,2020.5417,-965.83,-790.51,66.46
2020-08,2020.6250,-986.92,-758.34,65.52
2020-09,2020.7083,-936.42,-694.28,64.37
2020-10,2020.7917,-809.33,-579.16,63.25
2020-11,2020.8750,-733.58,-480.74,62.25
2020-12,2020.9583,-687.58,-431.41,61.28
2021-01,2021.0417,-656.33,-400.34,60.36
2021-02,2021.1250,-613.92,-380.87,59.50
2021-03,2021.2083,-502.17,-297.39,58.62
2021-04,2021.2917,-225.42,-60.60,57.68
2021-05,2021.3750,109.17,238.90,57.13
2021-06,2021.4583,427.75,477.54,56.78
2021-07,2021.5417,642.25,607.58,56.66
2021-08,2021.6250,742.00,604.66,56.84
2021-09,2021.7083,775.92,585.93,57.27
2021-10,2021.7917,705.25,490.36,57.68
2021-11,2021.8750,679.92,437.93,58.10
2021-12,2021.9583,693.25,429.53,58.48
2022-01,2022.0417,669.25,386.85,58.85
2022-02,2022.1250,648.42,353.02,59.17
2022-03,2022.2083,668.83,342.11,59.53
2022-04,2022.2917,737.42,365.25,59.89
2022-05,2022.3750,764.42,336.49,60.26
2022-06,2022.4583,725.17,292.75,60.71
2022-07,2022.5417,653.42,247.66,61.11
2022-08,2022.6250,595.50,222.00,61.49
2022-09,2022.7083,514.17,164.69,61.95
2022-10,2022.7917,465.92,130.62,62.40
2022-11,2022.8750,388.25,77.67,62.75
2022-12,2022.9583,294.08,9.85,63.07
2023-01,2023.0417,259.08,6.19,63.36
2023-02,2023.1250,232.00,0.47,63.59
2023-03,2023.2083,204.58,-4.40,63.84
2023-04,2023.2917,120.58,-60.28,64.02
2023-05,2023.3750,68.83,-64.99,64.15
2023-06,2023.4583,49.42,-64.21,64.25
2023-07,2023.5417,52.50,-55.57,64.33
2023-08,2023.6250,48.42,-52.35,64.32
2023-09,2023.7083,41.92,-47.41,64.12
2023-10,2023.7917,40.08,-20.21,63.87
2023-11,2023.8750,63.00,17.14,63.66
2023-12,2023.9583,128.75,81.73,63.47
2024-01,2024.0417,157.42,92.09,63.27
2024-02,2024.1250,171.67,106.54,63.14
2024-03,2024.2083,192.67,116.54,62.98
2024-04,2024.2917,225.08,140.46,63.01
2024-05,2024.3750,238.17,131.69,62.93
2024-06,2024.4583,237.08,135.91,62.85
2024-07,2024.5417,218.17,119.52,62.72
2024-08,2024.6250,233.25,130.18,62.73
2024-09,2024.7083,260.00,141.01,62.84
2024-10,2024.7917,277.17,149.62,63.01
2024-11,2024.8750,276.42,148.50,63.15
2024-12,2024.9583,230.83,118.79,63.34
2025-01,2025.0417,192.58,96.16,63.44
2025-02,2025.1250,195.75,100.90,63.57
2025-03,2025.2083,185.08,103.34,63.66
2025-04,2025.2917,198.58,113.86,63.63
2025-05,2025.3750,205.83,119.31,63.72
2025-06,2025.4583,202.75,100.75,63.81
2025-07,2025.5417,196.33,92.74,63.94
2025-08,2025.6250,154.92,63.25,64.08
2025-09,2025.7083,114.58,43.85,64.13
2025-10,2025.7917,77.25,10.44,64.22
2025-11,2025.8750,91.92,8.69,64.22
2025-12,2025.9583,97.17,-1.53,64.24
2026-01,2026.0417,140.25,36.57,64.31
2026-02,2026.1250,121.83,29.05,64.36
2026-03,2026.2083,122.08,37.03,64.45
2026-04,2026.2917,89.42,20.53,64.48
2026-05,2026.3750,70.00,16.78,64.54
2026-06,2026.4583,61.75,27.41,64.60
2026-07,2026.5417,74.83,47.12,64.59
2026-08,2026.6250,88.25,59.73,64.55
