mes,t,cresc_12m
2013-03,2013.2083,1.400
2013-04,2013.2917,1.392
2013-05,2013.3750,1.388
2013-06,2013.4583,1.383
2013-07,2013.5417,1.378
2013-08,2013.6250,1.372
2013-09,2013.7083,1.363
2013-10,2013.7917,1.355
2013-11,2013.8750,1.347
2013-12,2013.9583,1.339
2014-01,2014.0417,1.331
2014-02,2014.1250,1.322
2014-03,2014.2083,1.314
2014-04,2014.2917,1.306
2014-05,2014.3750,1.298
2014-06,2014.4583,1.290
2014-07,2014.5417,1.282
2014-08,2014.6250,1.273
2014-09,2014.7083,1.261
2014-10,2014.7917,1.250
2014-11,2014.8750,1.239
2014-12,2014.9583,1.227
2015-01,2015.0417,1.216
2015-02,2015.1250,1.205
2015-03,2015.2083,1.194
2015-04,2015.2917,1.184
2015-05,2015.3750,1.172
2015-06,2015.4583,1.161
2015-07,2015.5417,1.150
2015-08,2015.6250,1.142
2015-09,2015.7083,1.136
2015-10,2015.7917,1.131
2015-11,2015.8750,1.125
2015-12,2015.9583,1.120
2016-01,2016.0417,1.114
2016-02,2016.1250,1.109
2016-03,2016.2083,1.103
2016-04,2016.2917,1.101
2016-05,2016.3750,1.095
2016-06,2016.4583,1.090
2016-07,2016.5417,1.085
2016-08,2016.6250,1.080
2016-09,2016.7083,1.075
2016-10,2016.7917,1.070
2016-11,2016.8750,1.066
2016-12,2016.9583,1.062
2017-01,2017.0417,1.057
2017-02,2017.1250,1.052
2017-03,2017.2083,1.048
2017-04,2017.2917,1.040
2017-05,2017.3750,1.036
2017-06,2017.4583,1.032
2017-07,2017.5417,1.027
2017-08,2017.6250,1.021
2017-09,2017.7083,1.013
2017-10,2017.7917,1.005
2017-11,2017.8750,0.997
2017-12,2017.9583,0.989
2018-01,2018.0417,0.981
2018-02,2018.1250,0.973
2018-03,2018.2083,0.965
2018-04,2018.2917,0.958
2018-05,2018.3750,0.950
2018-06,2018.4583,0.943
2018-07,2018.5417,0.935
2018-08,2018.6250,0.929
2018-09,2018.7083,0.925
2018-10,2018.7917,0.921
2018-11,2018.8750,0.918
2018-12,2018.9583,0.914
2019-01,2019.0417,0.911
2019-02,2019.1250,0.907
2019-03,2019.2083,0.903
2019-04,2019.2917,0.900
2019-05,2019.3750,0.896
2019-06,2019.4583,0.893
2019-07,2019.5417,0.889
2019-08,2019.6250,0.887
2019-09,2019.7083,0.886
2019-10,2019.7917,0.884
2019-11,2019.8750,0.883
2019-12,2019.9583,0.882
2020-01,2020.0417,0.881
2020-02,2020.1250,0.880
2020-03,2020.2083,0.879
2020-04,2020.2917,0.881
2020-05,2020.3750,0.879
2020-06,2020.4583,0.878
2020-07,2020.5417,0.877
2020-08,2020.6250,0.874
2020-09,2020.7083,0.868
2020-10,2020.7917,0.862
2020-11,2020.8750,0.856
2020-12,2020.9583,0.850
2021-01,2021.0417,0.844
2021-02,2021.1250,0.838
2021-03,2021.2083,0.832
2021-04,2021.2917,0.824
2021-05,2021.3750,0.818
2021-06,2021.4583,0.812
2021-07,2021.5417,0.807
2021-08,2021.6250,0.803
2021-09,2021.7083,0.802
2021-10,2021.7917,0.800
2021-11,2021.8750,0.800
2021-12,2021.9583,0.798
2022-01,2022.0417,0.797
2022-02,2022.1250,0.796
2022-03,2022.2083,0.794
2022-04,2022.2917,0.794
2022-05,2022.3750,0.792
2022-06,2022.4583,0.792
2022-07,2022.5417,0.791
2022-08,2022.6250,0.790
2022-09,2022.7083,0.791
2022-10,2022.7917,0.792
2022-11,2022.8750,0.793
2022-12,2022.9583,0.793
2023-01,2023.0417,0.795
2023-02,2023.1250,0.795
2023-03,2023.2083,0.796
2023-04,2023.2917,0.797
2023-05,2023.3750,0.798
2023-06,2023.4583,0.798
2023-07,2023.5417,0.799
2023-08,2023.6250,0.799
2023-09,2023.7083,0.796
2023-10,2023.7917,0.792
2023-11,2023.8750,0.789
2023-12,2023.9583,0.786
2024-01,2024.0417,0.783
2024-02,2024.1250,0.780
2024-03,2024.2083,0.777
2024-04,2024.2917,0.776
2024-05,2024.3750,0.773
2024-06,2024.4583,0.770
2024-07,2024.5417,0.767
2024-08,2024.6250,0.765
2024-09,2024.7083,0.764
2024-10,2024.7917,0.764
2024-11,2024.8750,0.764
2024-12,2024.9583,0.764
2025-01,2025.0417,0.764
2025-02,2025.1250,0.764
2025-03,2025.2083,0.763
2025-04,2025.2917,0.762
2025-05,2025.3750,0.761
2025-06,2025.4583,0.761
2025-07,2025.5417,0.761
2025-08,2025.6250,0.761
2025-09,2025.7083,0.760
2025-10,2025.7917,0.760
2025-11,2025.8750,0.760
2025-12,2025.9583,0.759
2026-01,2026.0417,0.759
2026-02,2026.1250,0.759
2026-03,2026.2083,0.759
2026-04,2026.2917,0.759
2026-05,2026.3750,0.759
2026-06,2026.4583,0.759
2026-07,2026.5417,0.758
2026-08,2026.6250,0.757
