mes,folga,var_desemprego
2013-03,-4.61,0.053
2013-04,-8.51,0.103
2013-05,2.21,-0.027
2013-06,5.65,-0.068
2013-07,11.00,-0.133
2013-08,13.73,-0.165
2013-09,9.32,-0.109
2013-10,14.30,-0.168
2013-11,22.08,-0.262
2013-12,54.46,-0.660
2014-01,64.69,-0.788
2014-02,78.05,-0.957
2014-03,66.39,-0.816
2014-04,57.60,-0.708
2014-05,49.95,-0.613
2014-06,48.41,-0.593
2014-07,32.35,-0.396
2014-08,18.22,-0.223
2014-09,13.79,-0.168
2014-10,7.54,-0.089
2014-11,-1.90,0.027
2014-12,-26.30,0.327
2015-01,-34.23,0.420
2015-02,-57.50,0.698
2015-03,-66.37,0.800
2015-04,-74.95,0.903
2015-05,-99.12,1.197
2015-06,-124.06,1.498
2015-07,-139.68,1.684
2015-08,-154.92,1.866
2015-09,-179.16,2.158
2015-10,-198.65,2.393
2015-11,-211.36,2.547
2015-12,-206.81,2.493
2016-01,-226.25,2.719
2016-02,-235.83,2.822
2016-03,-252.69,3.013
2016-04,-269.33,3.209
2016-05,-257.52,3.067
2016-06,-252.99,3.011
2016-07,-255.43,3.037
2016-08,-256.20,3.044
2016-09,-243.64,2.894
2016-10,-238.49,2.833
2016-11,-239.19,2.841
2016-12,-258.98,3.076
2017-01,-258.18,3.061
2017-02,-248.40,2.939
2017-03,-238.45,2.816
2017-04,-202.32,2.389
2017-05,-178.30,2.107
2017-06,-140.64,1.665
2017-07,-101.78,1.208
2017-08,-66.37,0.792
2017-09,-51.03,0.613
2017-10,-31.06,0.380
2017-11,-11.86,0.156
2017-12,23.05,-0.252
2018-01,35.29,-0.403
2018-02,49.15,-0.572
2018-03,53.06,-0.625
2018-04,61.36,-0.720
2018-05,50.87,-0.596
2018-06,45.79,-0.535
2018-07,40.16,-0.468
2018-08,35.62,-0.414
2018-09,43.85,-0.507
2018-10,38.74,-0.446
2018-11,36.83,-0.423
2018-12,15.74,-0.178
2019-01,8.62,-0.099
2019-02,12.21,-0.145
2019-03,32.50,-0.384
2019-04,31.62,-0.370
2019-05,36.50,-0.422
2019-06,36.44,-0.416
2019-07,42.14,-0.478
2019-08,27.01,-0.303
2019-09,10.22,-0.109
2019-10,9.57,-0.099
2019-11,37.58,-0.415
2019-12,56.37,-0.629
2020-01,71.74,-0.809
2020-02,70.39,-0.798
2020-03,41.70,-0.467
2020-04,-9.30,0.127
2020-05,-58.72,0.716
2020-06,-118.69,1.443
2020-07,-175.32,2.139
2020-08,-228.57,2.810
2020-09,-242.14,2.974
2020-10,-230.18,2.816
2020-11,-252.85,3.060
2020-12,-256.18,3.088
2021-01,-255.99,3.100
2021-02,-233.04,2.846
2021-03,-204.78,2.533
2021-04,-164.82,2.060
2021-05,-129.73,1.633
2021-06,-49.79,0.664
2021-07,34.67,-0.360
2021-08,137.34,-1.604
2021-09,189.99,-2.217
2021-10,214.89,-2.482
2021-11,241.99,-2.778
2021-12,263.72,-3.014
2022-01,282.40,-3.241
2022-02,295.39,-3.396
2022-03,326.72,-3.768
2022-04,372.16,-4.277
2022-05,427.93,-4.905
2022-06,432.42,-4.937
2022-07,405.76,-4.620
2022-08,373.50,-4.241
2022-09,349.48,-3.961
2022-10,335.29,-3.792
2022-11,310.58,-3.508
2022-12,284.24,-3.209
2023-01,252.89,-2.853
2023-02,231.53,-2.610
2023-03,208.99,-2.353
2023-04,180.86,-2.036
2023-05,133.83,-1.505
2023-06,113.63,-1.280
2023-07,108.07,-1.218
2023-08,100.77,-1.137
2023-09,89.33,-1.009
2023-10,60.30,-0.682
2023-11,45.86,-0.519
2023-12,47.02,-0.531
2024-01,65.33,-0.742
2024-02,65.13,-0.742
2024-03,76.13,-0.869
2024-04,84.63,-0.959
2024-05,106.48,-1.201
2024-06,101.17,-1.137
2024-07,98.65,-1.107
2024-08,103.07,-1.154
2024-09,118.99,-1.330
2024-10,127.55,-1.423
2024-11,127.92,-1.426
2024-12,112.04,-1.249
2025-01,96.42,-1.078
2025-02,94.85,-1.063
2025-03,81.74,-0.918
2025-04,84.72,-0.946
2025-05,86.52,-0.960
2025-06,102.00,-1.129
2025-07,103.59,-1.145
2025-08,91.67,-1.012
2025-09,70.73,-0.779
2025-10,66.81,-0.735
2025-11,83.23,-0.917
2025-12,98.70,-1.088
2026-01,103.68,-1.144
2026-02,92.79,-1.025
2026-03,85.05,-0.940
2026-04,68.89,-0.761
2026-05,53.22,-0.587
2026-06,34.34,-0.377
2026-07,27.71,-0.304
2026-08,28.52,-0.313
